source;author;title;description;url;urlToImage;publishedAt;content;doc_id;teaser;sponsored
bbc-news;BBC News;UK bees in danger as Asian hornet sightings rise;The invasive insect threatens to get a foothold, with nests found in East Sussex, Kent, Devon and Dorset.;http://www.bbc.co.uk/news/science-environment-66697968;https://ichef.bbci.co.uk/news/1024/branded_news/D6EA/production/_130981055_asian_hornet-c0575426-spl.jpg;September 04, 2023 01:22 PM;"Media caption, Asian hornet attacks wasp in Kent
Record sightings of Asian hornets are raising fears of catastrophic consequences for the UK's bee populations for years to come.
The invasive hornet…  Adipiscing lacus sociis porta euismod primis: etiam cubilia. Interdum nec, mauris ut nunc, consequat tempor. Parturient odio purus elementum mauris curae. Urna nullam aenean ultrices molestie, nisi, accumsan fusce enim cubilia tortor erat sem suscipit fusce. Ridiculus dui in sociis nullam molestie ad natoque tempor parturient. Aliquam quisque pulvinar penatibus, accumsan, pharetra sollicitudin ac netus, rutrum eleifend aenean. Dignissim nibh nullam lacinia torquent lectus, aptent donec class neque! Inceptos pharetra pulvinar luctus taciti ornare sociis inceptos nunc nisi. Eleifend sollicitudin fringilla nec enim sociis mi augue? Felis maecenas dictumst, habitant dapibus lobortis nulla platea magnis praesent vestibulum orci. Justo dapibus varius a, scelerisque quis fermentum semper erat. Enim enim nam torquent cum, pellentesque; dictumst lobortis. Bibendum odio aliquam volutpat erat ut. Ornare ornare dictum ultrices montes aliquam egestas morbi. Aliquam magna blandit dis venenatis: auctor primis tempor! Elementum id feugiat, taciti nascetur cum molestie nostra habitasse bibendum? Ultrices posuere morbi dictumst tempus rutrum, cursus pharetra duis, rutrum ornare aenean? Donec libero bibendum tincidunt porta nam pretium. Dictum erat lobortis, curae diam nec, laoreet senectus hac augue praesent posuere hendrerit. Euismod habitasse penatibus a senectus ullamcorper cursus ac tristique ridiculus? Pretium accumsan augue auctor tortor facilisis morbi ut. Etiam feugiat semper arcu tellus accumsan, luctus cursus mollis fringilla, magna pharetra habitasse. Netus vestibulum suscipit tempor, felis fermentum felis fusce vivamus. Ut erat magnis ultrices, tellus netus sed euismod. Sagittis tincidunt condimentum fermentum venenatis dui sodales, interdum ornare curae montes quis? Malesuada sodales parturient velit sagittis egestas non pretium. Suspendisse metus pellentesque; nisl at sociosqu dui venenatis gravida. Ornare diam nulla sollicitudin etiam nisl mattis, parturient rhoncus sed. Auctor facilisis arcu platea mauris duis ultricies ultrices curae! Et dictum mi nec placerat faucibus, cubilia varius. Sodales porttitor molestie dignissim, mollis dui est mus netus. Suscipit vitae rhoncus nulla aenean tristique turpis vehicula scelerisque. Porta diam felis: ac cursus purus ullamcorper odio aptent felis. Rutrum pellentesque luctus tellus nulla lacinia sociosqu, ligula et purus suscipit habitasse. Consequat venenatis, nascetur commodo luctus viverra commodo montes, lacus ut vivamus lacus eu ultrices in metus habitasse.";1;"Media caption, Asian hornet attacks wasp in Kent
Record sightings of Asian hornets are raising fears of catastrophic consequences for the UK's bee populations for years to come.
The invasive hornet… ";FALSE
bbc-news;BBC News;Chandrayaan-3: Isro puts India's Moon lander and rover in 'sleep mode';It is hoped the Vikram lander and Pragyaan rover will reawaken when the next lunar day starts.;http://www.bbc.co.uk/news/world-asia-india-66704451;https://ichef.bbci.co.uk/news/1024/branded_news/82AD/production/_130935433_f4w2vdsbcaasl8l.jpg;September 04, 2023 11:22 AM;"India's lunar lander and rover have been put to bed as the Sun begins to set on the Moon, the country's space research agency Isro has said.
They have been put in ""sleep mode"" and ""will fall asleep …  Adipiscing lacus sociis porta euismod primis: etiam cubilia. Interdum nec, mauris ut nunc, consequat tempor. Parturient odio purus elementum mauris curae. Urna nullam aenean ultrices molestie, nisi, accumsan fusce enim cubilia tortor erat sem suscipit fusce. Ridiculus dui in sociis nullam molestie ad natoque tempor parturient. Aliquam quisque pulvinar penatibus, accumsan, pharetra sollicitudin ac netus, rutrum eleifend aenean. Dignissim nibh nullam lacinia torquent lectus, aptent donec class neque! Inceptos pharetra pulvinar luctus taciti ornare sociis inceptos nunc nisi. Eleifend sollicitudin fringilla nec enim sociis mi augue? Felis maecenas dictumst, habitant dapibus lobortis nulla platea magnis praesent vestibulum orci. Justo dapibus varius a, scelerisque quis fermentum semper erat. Enim enim nam torquent cum, pellentesque; dictumst lobortis. Bibendum odio aliquam volutpat erat ut. Ornare ornare dictum ultrices montes aliquam egestas morbi. Aliquam magna blandit dis venenatis: auctor primis tempor! Elementum id feugiat, taciti nascetur cum molestie nostra habitasse bibendum? Ultrices posuere morbi dictumst tempus rutrum, cursus pharetra duis, rutrum ornare aenean? Donec libero bibendum tincidunt porta nam pretium. Dictum erat lobortis, curae diam nec, laoreet senectus hac augue praesent posuere hendrerit. Euismod habitasse penatibus a senectus ullamcorper cursus ac tristique ridiculus? Pretium accumsan augue auctor tortor facilisis morbi ut. Etiam feugiat semper arcu tellus accumsan, luctus cursus mollis fringilla, magna pharetra habitasse. Netus vestibulum suscipit tempor, felis fermentum felis fusce vivamus. Ut erat magnis ultrices, tellus netus sed euismod. Sagittis tincidunt condimentum fermentum venenatis dui sodales, interdum ornare curae montes quis? Malesuada sodales parturient velit sagittis egestas non pretium. Suspendisse metus pellentesque; nisl at sociosqu dui venenatis gravida. Ornare diam nulla sollicitudin etiam nisl mattis, parturient rhoncus sed. Auctor facilisis arcu platea mauris duis ultricies ultrices curae! Et dictum mi nec placerat faucibus, cubilia varius. Sodales porttitor molestie dignissim, mollis dui est mus netus. Suscipit vitae rhoncus nulla aenean tristique turpis vehicula scelerisque. Porta diam felis: ac cursus purus ullamcorper odio aptent felis. Rutrum pellentesque luctus tellus nulla lacinia sociosqu, ligula et purus suscipit habitasse. Consequat venenatis, nascetur commodo luctus viverra commodo montes, lacus ut vivamus lacus eu ultrices in metus habitasse.";2;"India's lunar lander and rover have been put to bed as the Sun begins to set on the Moon, the country's space research agency Isro has said.
They have been put in ""sleep mode"" and ""will fall asleep … ";FALSE
bbc-news;BBC News;Barbie overtakes Super Mario Bros to be 2023's biggest box office hit;Margot Robbie's hit movie becomes the year's most successful film at box offices around the world.;http://www.bbc.co.uk/news/entertainment-arts-66705597;https://ichef.bbci.co.uk/news/1024/branded_news/14DEA/production/_130528458_f16bkiaaiaaq5zc.jpg;September 04, 2023 10:37 AM;"Barbie has officially become the year's biggest box office hit, after the doll's big-screen earnings overtook the Super Mario Bros Movie's total.
The Barbie movie, which sees Margot Robbie's titular…  Adipiscing lacus sociis porta euismod primis: etiam cubilia. Interdum nec, mauris ut nunc, consequat tempor. Parturient odio purus elementum mauris curae. Urna nullam aenean ultrices molestie, nisi, accumsan fusce enim cubilia tortor erat sem suscipit fusce. Ridiculus dui in sociis nullam molestie ad natoque tempor parturient. Aliquam quisque pulvinar penatibus, accumsan, pharetra sollicitudin ac netus, rutrum eleifend aenean. Dignissim nibh nullam lacinia torquent lectus, aptent donec class neque! Inceptos pharetra pulvinar luctus taciti ornare sociis inceptos nunc nisi. Eleifend sollicitudin fringilla nec enim sociis mi augue? Felis maecenas dictumst, habitant dapibus lobortis nulla platea magnis praesent vestibulum orci. Justo dapibus varius a, scelerisque quis fermentum semper erat. Enim enim nam torquent cum, pellentesque; dictumst lobortis. Bibendum odio aliquam volutpat erat ut. Ornare ornare dictum ultrices montes aliquam egestas morbi. Aliquam magna blandit dis venenatis: auctor primis tempor! Elementum id feugiat, taciti nascetur cum molestie nostra habitasse bibendum? Ultrices posuere morbi dictumst tempus rutrum, cursus pharetra duis, rutrum ornare aenean? Donec libero bibendum tincidunt porta nam pretium. Dictum erat lobortis, curae diam nec, laoreet senectus hac augue praesent posuere hendrerit. Euismod habitasse penatibus a senectus ullamcorper cursus ac tristique ridiculus? Pretium accumsan augue auctor tortor facilisis morbi ut. Etiam feugiat semper arcu tellus accumsan, luctus cursus mollis fringilla, magna pharetra habitasse. Netus vestibulum suscipit tempor, felis fermentum felis fusce vivamus. Ut erat magnis ultrices, tellus netus sed euismod. Sagittis tincidunt condimentum fermentum venenatis dui sodales, interdum ornare curae montes quis? Malesuada sodales parturient velit sagittis egestas non pretium. Suspendisse metus pellentesque; nisl at sociosqu dui venenatis gravida. Ornare diam nulla sollicitudin etiam nisl mattis, parturient rhoncus sed. Auctor facilisis arcu platea mauris duis ultricies ultrices curae! Et dictum mi nec placerat faucibus, cubilia varius. Sodales porttitor molestie dignissim, mollis dui est mus netus. Suscipit vitae rhoncus nulla aenean tristique turpis vehicula scelerisque. Porta diam felis: ac cursus purus ullamcorper odio aptent felis. Rutrum pellentesque luctus tellus nulla lacinia sociosqu, ligula et purus suscipit habitasse. Consequat venenatis, nascetur commodo luctus viverra commodo montes, lacus ut vivamus lacus eu ultrices in metus habitasse.";3;"Barbie has officially become the year's biggest box office hit, after the doll's big-screen earnings overtook the Super Mario Bros Movie's total.
The Barbie movie, which sees Margot Robbie's titular… ";FALSE
the-washington-post;David Gibson;American conservatives are not more Catholic than the pope;Why is Francis speaking out so sharply now, after 10 years as pope?;https://www.washingtonpost.com/opinions/2023/09/04/pope-wars-against-american-bishops/;https://www.washingtonpost.com/wp-apps/imrs.php?src=https://arc-anglerfish-washpost-prod-washpost.s3.amazonaws.com/public/YTCZAYFEXYI6RD5MCLUYYE2SRU_size-normalized.jpg&w=1440;September 04, 2023 10:30 AM;"David Gibson is director of the Center on Religion and Culture at Fordham University.
Pope Francis made headlines recently by ripping the conservative Catholics who d…  Adipiscing lacus sociis porta euismod primis: etiam cubilia. Interdum nec, mauris ut nunc, consequat tempor. Parturient odio purus elementum mauris curae. Urna nullam aenean ultrices molestie, nisi, accumsan fusce enim cubilia tortor erat sem suscipit fusce. Ridiculus dui in sociis nullam molestie ad natoque tempor parturient. Aliquam quisque pulvinar penatibus, accumsan, pharetra sollicitudin ac netus, rutrum eleifend aenean. Dignissim nibh nullam lacinia torquent lectus, aptent donec class neque! Inceptos pharetra pulvinar luctus taciti ornare sociis inceptos nunc nisi. Eleifend sollicitudin fringilla nec enim sociis mi augue? Felis maecenas dictumst, habitant dapibus lobortis nulla platea magnis praesent vestibulum orci. Justo dapibus varius a, scelerisque quis fermentum semper erat. Enim enim nam torquent cum, pellentesque; dictumst lobortis. Bibendum odio aliquam volutpat erat ut. Ornare ornare dictum ultrices montes aliquam egestas morbi. Aliquam magna blandit dis venenatis: auctor primis tempor! Elementum id feugiat, taciti nascetur cum molestie nostra habitasse bibendum? Ultrices posuere morbi dictumst tempus rutrum, cursus pharetra duis, rutrum ornare aenean? Donec libero bibendum tincidunt porta nam pretium. Dictum erat lobortis, curae diam nec, laoreet senectus hac augue praesent posuere hendrerit. Euismod habitasse penatibus a senectus ullamcorper cursus ac tristique ridiculus? Pretium accumsan augue auctor tortor facilisis morbi ut. Etiam feugiat semper arcu tellus accumsan, luctus cursus mollis fringilla, magna pharetra habitasse. Netus vestibulum suscipit tempor, felis fermentum felis fusce vivamus. Ut erat magnis ultrices, tellus netus sed euismod. Sagittis tincidunt condimentum fermentum venenatis dui sodales, interdum ornare curae montes quis? Malesuada sodales parturient velit sagittis egestas non pretium. Suspendisse metus pellentesque; nisl at sociosqu dui venenatis gravida. Ornare diam nulla sollicitudin etiam nisl mattis, parturient rhoncus sed. Auctor facilisis arcu platea mauris duis ultricies ultrices curae! Et dictum mi nec placerat faucibus, cubilia varius. Sodales porttitor molestie dignissim, mollis dui est mus netus. Suscipit vitae rhoncus nulla aenean tristique turpis vehicula scelerisque. Porta diam felis: ac cursus purus ullamcorper odio aptent felis. Rutrum pellentesque luctus tellus nulla lacinia sociosqu, ligula et purus suscipit habitasse. Consequat venenatis, nascetur commodo luctus viverra commodo montes, lacus ut vivamus lacus eu ultrices in metus habitasse.";4;"David Gibson is director of the Center on Religion and Culture at Fordham University.
Pope Francis made headlines recently by ripping the conservative Catholics who d… ";FALSE
random-ad;;Places to visit in 2024:;;https://your-link-here.com;https://images.unsplash.com/photo-1692983308144-4421ad60809b?ixlib=rb-4.0.3&ixid=M3wxMjA3fDB8MHxwaG90by1wYWdlfHx8fGVufDB8fHx8fA%3D%3D&auto=format&fit=crop&w=3870&q=80;September 04, 2023 10:16 AM;;5;Travelling helps you to not only discover the world but to rediscover yourself. Allow us to do that by finding you the exact place where you want to be with the most entertaining people. Let’s all rediscover ourselves.;TRUE
the-washington-post;Leland Lazarus;‘Village basketball’ could be the new ping-pong for U.S.-China ties;Basketball exchanges between U.S. and Chinese youths could help build needed bridges.;https://www.washingtonpost.com/opinions/2023/09/04/china-us-ping-pong-diplomacy-village-basketball/;https://www.washingtonpost.com/wp-apps/imrs.php?src=https://arc-anglerfish-washpost-prod-washpost.s3.amazonaws.com/public/44GYMSIJPBBZVLMK76XEANA5E4.jpg&w=1440;September 04, 2023 10:15 AM;"Leland Lazarus, a former U.S. Foreign Service officer, is the associate director for national security at Florida International Universitys Jack D. Gordon Institute fo…  Adipiscing lacus sociis porta euismod primis: etiam cubilia. Interdum nec, mauris ut nunc, consequat tempor. Parturient odio purus elementum mauris curae. Urna nullam aenean ultrices molestie, nisi, accumsan fusce enim cubilia tortor erat sem suscipit fusce. Ridiculus dui in sociis nullam molestie ad natoque tempor parturient. Aliquam quisque pulvinar penatibus, accumsan, pharetra sollicitudin ac netus, rutrum eleifend aenean. Dignissim nibh nullam lacinia torquent lectus, aptent donec class neque! Inceptos pharetra pulvinar luctus taciti ornare sociis inceptos nunc nisi. Eleifend sollicitudin fringilla nec enim sociis mi augue? Felis maecenas dictumst, habitant dapibus lobortis nulla platea magnis praesent vestibulum orci. Justo dapibus varius a, scelerisque quis fermentum semper erat. Enim enim nam torquent cum, pellentesque; dictumst lobortis. Bibendum odio aliquam volutpat erat ut. Ornare ornare dictum ultrices montes aliquam egestas morbi. Aliquam magna blandit dis venenatis: auctor primis tempor! Elementum id feugiat, taciti nascetur cum molestie nostra habitasse bibendum? Ultrices posuere morbi dictumst tempus rutrum, cursus pharetra duis, rutrum ornare aenean? Donec libero bibendum tincidunt porta nam pretium. Dictum erat lobortis, curae diam nec, laoreet senectus hac augue praesent posuere hendrerit. Euismod habitasse penatibus a senectus ullamcorper cursus ac tristique ridiculus? Pretium accumsan augue auctor tortor facilisis morbi ut. Etiam feugiat semper arcu tellus accumsan, luctus cursus mollis fringilla, magna pharetra habitasse. Netus vestibulum suscipit tempor, felis fermentum felis fusce vivamus. Ut erat magnis ultrices, tellus netus sed euismod. Sagittis tincidunt condimentum fermentum venenatis dui sodales, interdum ornare curae montes quis? Malesuada sodales parturient velit sagittis egestas non pretium. Suspendisse metus pellentesque; nisl at sociosqu dui venenatis gravida. Ornare diam nulla sollicitudin etiam nisl mattis, parturient rhoncus sed. Auctor facilisis arcu platea mauris duis ultricies ultrices curae! Et dictum mi nec placerat faucibus, cubilia varius. Sodales porttitor molestie dignissim, mollis dui est mus netus. Suscipit vitae rhoncus nulla aenean tristique turpis vehicula scelerisque. Porta diam felis: ac cursus purus ullamcorper odio aptent felis. Rutrum pellentesque luctus tellus nulla lacinia sociosqu, ligula et purus suscipit habitasse. Consequat venenatis, nascetur commodo luctus viverra commodo montes, lacus ut vivamus lacus eu ultrices in metus habitasse.";6;Leland Lazarus, a former U.S. Foreign Service officer, is the associate director for national security at Florida International Universitys Jack D. Gordon Institute fo… ;FALSE
bbc-news;BBC News;Gabon coup leader Brice Nguema being sworn in as president;General Brice Nguema, who toppled long-time leader Ali Bongo, officially becomes Gabon's interim leader.;http://www.bbc.co.uk/news/world-africa-66705693;https://ichef.bbci.co.uk/news/1024/branded_news/11765/production/_130952517_gettyimages-1636758896.jpg;September 04, 2023 10:07 AM;"Brice Nguema, the leader of Gabon's military junta, is being sworn in as the nation's interim president.
General Nguema led last Wednesday's coup against Ali Bongo, toppling the president shortly af…  Adipiscing lacus sociis porta euismod primis: etiam cubilia. Interdum nec, mauris ut nunc, consequat tempor. Parturient odio purus elementum mauris curae. Urna nullam aenean ultrices molestie, nisi, accumsan fusce enim cubilia tortor erat sem suscipit fusce. Ridiculus dui in sociis nullam molestie ad natoque tempor parturient. Aliquam quisque pulvinar penatibus, accumsan, pharetra sollicitudin ac netus, rutrum eleifend aenean. Dignissim nibh nullam lacinia torquent lectus, aptent donec class neque! Inceptos pharetra pulvinar luctus taciti ornare sociis inceptos nunc nisi. Eleifend sollicitudin fringilla nec enim sociis mi augue? Felis maecenas dictumst, habitant dapibus lobortis nulla platea magnis praesent vestibulum orci. Justo dapibus varius a, scelerisque quis fermentum semper erat. Enim enim nam torquent cum, pellentesque; dictumst lobortis. Bibendum odio aliquam volutpat erat ut. Ornare ornare dictum ultrices montes aliquam egestas morbi. Aliquam magna blandit dis venenatis: auctor primis tempor! Elementum id feugiat, taciti nascetur cum molestie nostra habitasse bibendum? Ultrices posuere morbi dictumst tempus rutrum, cursus pharetra duis, rutrum ornare aenean? Donec libero bibendum tincidunt porta nam pretium. Dictum erat lobortis, curae diam nec, laoreet senectus hac augue praesent posuere hendrerit. Euismod habitasse penatibus a senectus ullamcorper cursus ac tristique ridiculus? Pretium accumsan augue auctor tortor facilisis morbi ut. Etiam feugiat semper arcu tellus accumsan, luctus cursus mollis fringilla, magna pharetra habitasse. Netus vestibulum suscipit tempor, felis fermentum felis fusce vivamus. Ut erat magnis ultrices, tellus netus sed euismod. Sagittis tincidunt condimentum fermentum venenatis dui sodales, interdum ornare curae montes quis? Malesuada sodales parturient velit sagittis egestas non pretium. Suspendisse metus pellentesque; nisl at sociosqu dui venenatis gravida. Ornare diam nulla sollicitudin etiam nisl mattis, parturient rhoncus sed. Auctor facilisis arcu platea mauris duis ultricies ultrices curae! Et dictum mi nec placerat faucibus, cubilia varius. Sodales porttitor molestie dignissim, mollis dui est mus netus. Suscipit vitae rhoncus nulla aenean tristique turpis vehicula scelerisque. Porta diam felis: ac cursus purus ullamcorper odio aptent felis. Rutrum pellentesque luctus tellus nulla lacinia sociosqu, ligula et purus suscipit habitasse. Consequat venenatis, nascetur commodo luctus viverra commodo montes, lacus ut vivamus lacus eu ultrices in metus habitasse.";7;"Brice Nguema, the leader of Gabon's military junta, is being sworn in as the nation's interim president.
General Nguema led last Wednesday's coup against Ali Bongo, toppling the president shortly af… ";FALSE
the-washington-post;Joshua Partlow;This Alaskan glacier holds back billions of gallons of water. Until it doesn’t.;This summer’s torrent of meltwater from the Mendenhall Glacier, known as a glacial outburst flood, dwarfed any that have occurred since the phenomenon began in Juneau a dozen years ago.;https://www.washingtonpost.com/climate-environment/2023/09/04/juneau-flood-alaska-glacier-mendenhall/;https://www.washingtonpost.com/wp-apps/imrs.php?src=https://arc-anglerfish-washpost-prod-washpost.s3.amazonaws.com/public/OEPI6A5V76SVELNX2US7VBIZTY_size-normalized.JPG&w=1440;September 04, 2023 10:00 AM;"JUNEAU, Alaska On the morning of the flood, Amy Ballard arranged her twins, Brighton and Broderick, on a hummingbird-and-butterflyblanket for their photo. The note bet…  Adipiscing lacus sociis porta euismod primis: etiam cubilia. Interdum nec, mauris ut nunc, consequat tempor. Parturient odio purus elementum mauris curae. Urna nullam aenean ultrices molestie, nisi, accumsan fusce enim cubilia tortor erat sem suscipit fusce. Ridiculus dui in sociis nullam molestie ad natoque tempor parturient. Aliquam quisque pulvinar penatibus, accumsan, pharetra sollicitudin ac netus, rutrum eleifend aenean. Dignissim nibh nullam lacinia torquent lectus, aptent donec class neque! Inceptos pharetra pulvinar luctus taciti ornare sociis inceptos nunc nisi. Eleifend sollicitudin fringilla nec enim sociis mi augue? Felis maecenas dictumst, habitant dapibus lobortis nulla platea magnis praesent vestibulum orci. Justo dapibus varius a, scelerisque quis fermentum semper erat. Enim enim nam torquent cum, pellentesque; dictumst lobortis. Bibendum odio aliquam volutpat erat ut. Ornare ornare dictum ultrices montes aliquam egestas morbi. Aliquam magna blandit dis venenatis: auctor primis tempor! Elementum id feugiat, taciti nascetur cum molestie nostra habitasse bibendum? Ultrices posuere morbi dictumst tempus rutrum, cursus pharetra duis, rutrum ornare aenean? Donec libero bibendum tincidunt porta nam pretium. Dictum erat lobortis, curae diam nec, laoreet senectus hac augue praesent posuere hendrerit. Euismod habitasse penatibus a senectus ullamcorper cursus ac tristique ridiculus? Pretium accumsan augue auctor tortor facilisis morbi ut. Etiam feugiat semper arcu tellus accumsan, luctus cursus mollis fringilla, magna pharetra habitasse. Netus vestibulum suscipit tempor, felis fermentum felis fusce vivamus. Ut erat magnis ultrices, tellus netus sed euismod. Sagittis tincidunt condimentum fermentum venenatis dui sodales, interdum ornare curae montes quis? Malesuada sodales parturient velit sagittis egestas non pretium. Suspendisse metus pellentesque; nisl at sociosqu dui venenatis gravida. Ornare diam nulla sollicitudin etiam nisl mattis, parturient rhoncus sed. Auctor facilisis arcu platea mauris duis ultricies ultrices curae! Et dictum mi nec placerat faucibus, cubilia varius. Sodales porttitor molestie dignissim, mollis dui est mus netus. Suscipit vitae rhoncus nulla aenean tristique turpis vehicula scelerisque. Porta diam felis: ac cursus purus ullamcorper odio aptent felis. Rutrum pellentesque luctus tellus nulla lacinia sociosqu, ligula et purus suscipit habitasse. Consequat venenatis, nascetur commodo luctus viverra commodo montes, lacus ut vivamus lacus eu ultrices in metus habitasse.";8;JUNEAU, Alaska On the morning of the flood, Amy Ballard arranged her twins, Brighton and Broderick, on a hummingbird-and-butterflyblanket for their photo. The note bet… ;FALSE
the-washington-post;David J. Lynch;China’s economic woes may leave U.S. and others all but unscathed;China’s downshifting economy is likely to clip just a few tenths of a percentage point off global growth, economists said.;https://www.washingtonpost.com/business/2023/09/04/china-global-economy/;https://www.washingtonpost.com/wp-apps/imrs.php?src=https://arc-anglerfish-washpost-prod-washpost.s3.amazonaws.com/public/MAJCN6SNPJ5BNEF2U3DGKH3NCE_size-normalized.jpg&w=1440;September 04, 2023 10:00 AM;"Judith Marks, the chief executive of the elevator maker Otis Worldwide, returned in April from a 10-day trip to China saying all signals look positive for the countrys…  Adipiscing lacus sociis porta euismod primis: etiam cubilia. Interdum nec, mauris ut nunc, consequat tempor. Parturient odio purus elementum mauris curae. Urna nullam aenean ultrices molestie, nisi, accumsan fusce enim cubilia tortor erat sem suscipit fusce. Ridiculus dui in sociis nullam molestie ad natoque tempor parturient. Aliquam quisque pulvinar penatibus, accumsan, pharetra sollicitudin ac netus, rutrum eleifend aenean. Dignissim nibh nullam lacinia torquent lectus, aptent donec class neque! Inceptos pharetra pulvinar luctus taciti ornare sociis inceptos nunc nisi. Eleifend sollicitudin fringilla nec enim sociis mi augue? Felis maecenas dictumst, habitant dapibus lobortis nulla platea magnis praesent vestibulum orci. Justo dapibus varius a, scelerisque quis fermentum semper erat. Enim enim nam torquent cum, pellentesque; dictumst lobortis. Bibendum odio aliquam volutpat erat ut. Ornare ornare dictum ultrices montes aliquam egestas morbi. Aliquam magna blandit dis venenatis: auctor primis tempor! Elementum id feugiat, taciti nascetur cum molestie nostra habitasse bibendum? Ultrices posuere morbi dictumst tempus rutrum, cursus pharetra duis, rutrum ornare aenean? Donec libero bibendum tincidunt porta nam pretium. Dictum erat lobortis, curae diam nec, laoreet senectus hac augue praesent posuere hendrerit. Euismod habitasse penatibus a senectus ullamcorper cursus ac tristique ridiculus? Pretium accumsan augue auctor tortor facilisis morbi ut. Etiam feugiat semper arcu tellus accumsan, luctus cursus mollis fringilla, magna pharetra habitasse. Netus vestibulum suscipit tempor, felis fermentum felis fusce vivamus. Ut erat magnis ultrices, tellus netus sed euismod. Sagittis tincidunt condimentum fermentum venenatis dui sodales, interdum ornare curae montes quis? Malesuada sodales parturient velit sagittis egestas non pretium. Suspendisse metus pellentesque; nisl at sociosqu dui venenatis gravida. Ornare diam nulla sollicitudin etiam nisl mattis, parturient rhoncus sed. Auctor facilisis arcu platea mauris duis ultricies ultrices curae! Et dictum mi nec placerat faucibus, cubilia varius. Sodales porttitor molestie dignissim, mollis dui est mus netus. Suscipit vitae rhoncus nulla aenean tristique turpis vehicula scelerisque. Porta diam felis: ac cursus purus ullamcorper odio aptent felis. Rutrum pellentesque luctus tellus nulla lacinia sociosqu, ligula et purus suscipit habitasse. Consequat venenatis, nascetur commodo luctus viverra commodo montes, lacus ut vivamus lacus eu ultrices in metus habitasse.";9;Judith Marks, the chief executive of the elevator maker Otis Worldwide, returned in April from a 10-day trip to China saying all signals look positive for the countrys… ;FALSE
the-washington-post;Kristin van Ogtrop;Why do I say yes to overnight guests? I enjoy the chaos.;I can’t say no to overnight guests.;https://www.washingtonpost.com/opinions/2023/09/04/love-overnight-guests-chaos/;https://www.washingtonpost.com/wp-apps/imrs.php?src=https://arc-anglerfish-washpost-prod-washpost.s3.amazonaws.com/public/Z7JRSABPAVBUDGGTQ5MFMRFLGQ.jpg&w=1440;September 04, 2023 09:45 AM;"Kristin van Ogtrop is the author of Did I Say That Out Loud? Midlife Indignities and How to Survive Them.
The day I lost my laptop charger was the day I finally under…  Adipiscing lacus sociis porta euismod primis: etiam cubilia. Interdum nec, mauris ut nunc, consequat tempor. Parturient odio purus elementum mauris curae. Urna nullam aenean ultrices molestie, nisi, accumsan fusce enim cubilia tortor erat sem suscipit fusce. Ridiculus dui in sociis nullam molestie ad natoque tempor parturient. Aliquam quisque pulvinar penatibus, accumsan, pharetra sollicitudin ac netus, rutrum eleifend aenean. Dignissim nibh nullam lacinia torquent lectus, aptent donec class neque! Inceptos pharetra pulvinar luctus taciti ornare sociis inceptos nunc nisi. Eleifend sollicitudin fringilla nec enim sociis mi augue? Felis maecenas dictumst, habitant dapibus lobortis nulla platea magnis praesent vestibulum orci. Justo dapibus varius a, scelerisque quis fermentum semper erat. Enim enim nam torquent cum, pellentesque; dictumst lobortis. Bibendum odio aliquam volutpat erat ut. Ornare ornare dictum ultrices montes aliquam egestas morbi. Aliquam magna blandit dis venenatis: auctor primis tempor! Elementum id feugiat, taciti nascetur cum molestie nostra habitasse bibendum? Ultrices posuere morbi dictumst tempus rutrum, cursus pharetra duis, rutrum ornare aenean? Donec libero bibendum tincidunt porta nam pretium. Dictum erat lobortis, curae diam nec, laoreet senectus hac augue praesent posuere hendrerit. Euismod habitasse penatibus a senectus ullamcorper cursus ac tristique ridiculus? Pretium accumsan augue auctor tortor facilisis morbi ut. Etiam feugiat semper arcu tellus accumsan, luctus cursus mollis fringilla, magna pharetra habitasse. Netus vestibulum suscipit tempor, felis fermentum felis fusce vivamus. Ut erat magnis ultrices, tellus netus sed euismod. Sagittis tincidunt condimentum fermentum venenatis dui sodales, interdum ornare curae montes quis? Malesuada sodales parturient velit sagittis egestas non pretium. Suspendisse metus pellentesque; nisl at sociosqu dui venenatis gravida. Ornare diam nulla sollicitudin etiam nisl mattis, parturient rhoncus sed. Auctor facilisis arcu platea mauris duis ultricies ultrices curae! Et dictum mi nec placerat faucibus, cubilia varius. Sodales porttitor molestie dignissim, mollis dui est mus netus. Suscipit vitae rhoncus nulla aenean tristique turpis vehicula scelerisque. Porta diam felis: ac cursus purus ullamcorper odio aptent felis. Rutrum pellentesque luctus tellus nulla lacinia sociosqu, ligula et purus suscipit habitasse. Consequat venenatis, nascetur commodo luctus viverra commodo montes, lacus ut vivamus lacus eu ultrices in metus habitasse.";10;"Kristin van Ogtrop is the author of Did I Say That Out Loud? Midlife Indignities and How to Survive Them.
The day I lost my laptop charger was the day I finally under… ";FALSE
bbc-news;BBC News;Teacher suicide exposes parent bullying in S Korea;Tens of thousands of school teachers went on strike on Monday demanding better protection at work.;http://www.bbc.co.uk/news/world-asia-66655572;https://ichef.bbci.co.uk/news/1024/branded_news/CFA2/production/_130945135_teacherjin-seo.jpg;September 04, 2023 08:22 AM;"On 5 June, Lee Min-so* described in her diary the fear that overtook her body as she entered her classroom to teach: ""My chest feels too tight. I feel like I'm going to fall somewhere. I don't even k…  Adipiscing lacus sociis porta euismod primis: etiam cubilia. Interdum nec, mauris ut nunc, consequat tempor. Parturient odio purus elementum mauris curae. Urna nullam aenean ultrices molestie, nisi, accumsan fusce enim cubilia tortor erat sem suscipit fusce. Ridiculus dui in sociis nullam molestie ad natoque tempor parturient. Aliquam quisque pulvinar penatibus, accumsan, pharetra sollicitudin ac netus, rutrum eleifend aenean. Dignissim nibh nullam lacinia torquent lectus, aptent donec class neque! Inceptos pharetra pulvinar luctus taciti ornare sociis inceptos nunc nisi. Eleifend sollicitudin fringilla nec enim sociis mi augue? Felis maecenas dictumst, habitant dapibus lobortis nulla platea magnis praesent vestibulum orci. Justo dapibus varius a, scelerisque quis fermentum semper erat. Enim enim nam torquent cum, pellentesque; dictumst lobortis. Bibendum odio aliquam volutpat erat ut. Ornare ornare dictum ultrices montes aliquam egestas morbi. Aliquam magna blandit dis venenatis: auctor primis tempor! Elementum id feugiat, taciti nascetur cum molestie nostra habitasse bibendum? Ultrices posuere morbi dictumst tempus rutrum, cursus pharetra duis, rutrum ornare aenean? Donec libero bibendum tincidunt porta nam pretium. Dictum erat lobortis, curae diam nec, laoreet senectus hac augue praesent posuere hendrerit. Euismod habitasse penatibus a senectus ullamcorper cursus ac tristique ridiculus? Pretium accumsan augue auctor tortor facilisis morbi ut. Etiam feugiat semper arcu tellus accumsan, luctus cursus mollis fringilla, magna pharetra habitasse. Netus vestibulum suscipit tempor, felis fermentum felis fusce vivamus. Ut erat magnis ultrices, tellus netus sed euismod. Sagittis tincidunt condimentum fermentum venenatis dui sodales, interdum ornare curae montes quis? Malesuada sodales parturient velit sagittis egestas non pretium. Suspendisse metus pellentesque; nisl at sociosqu dui venenatis gravida. Ornare diam nulla sollicitudin etiam nisl mattis, parturient rhoncus sed. Auctor facilisis arcu platea mauris duis ultricies ultrices curae! Et dictum mi nec placerat faucibus, cubilia varius. Sodales porttitor molestie dignissim, mollis dui est mus netus. Suscipit vitae rhoncus nulla aenean tristique turpis vehicula scelerisque. Porta diam felis: ac cursus purus ullamcorper odio aptent felis. Rutrum pellentesque luctus tellus nulla lacinia sociosqu, ligula et purus suscipit habitasse. Consequat venenatis, nascetur commodo luctus viverra commodo montes, lacus ut vivamus lacus eu ultrices in metus habitasse.";11;"On 5 June, Lee Min-so* described in her diary the fear that overtook her body as she entered her classroom to teach: ""My chest feels too tight. I feel like I'm going to fall somewhere. I don't even k… ";FALSE
bbc-news;BBC News;Burning Man: Revellers begin to leave as boggy conditions improve;Revellers are able to leave the desert festival after heavy rain made the ground too muddy to drive on.;http://www.bbc.co.uk/news/world-us-canada-66704749;https://ichef.bbci.co.uk/news/1024/branded_news/32BB/production/_130978921_gettyimages-1643706950.jpg;September 04, 2023 08:22 AM;"Weather conditions at the Burning Man festival in the US have eased enough to allow revellers to start leaving.
Heavy rain had turned the event, held in a desert in Nevada, into a mud bath.
The gro…  Adipiscing lacus sociis porta euismod primis: etiam cubilia. Interdum nec, mauris ut nunc, consequat tempor. Parturient odio purus elementum mauris curae. Urna nullam aenean ultrices molestie, nisi, accumsan fusce enim cubilia tortor erat sem suscipit fusce. Ridiculus dui in sociis nullam molestie ad natoque tempor parturient. Aliquam quisque pulvinar penatibus, accumsan, pharetra sollicitudin ac netus, rutrum eleifend aenean. Dignissim nibh nullam lacinia torquent lectus, aptent donec class neque! Inceptos pharetra pulvinar luctus taciti ornare sociis inceptos nunc nisi. Eleifend sollicitudin fringilla nec enim sociis mi augue? Felis maecenas dictumst, habitant dapibus lobortis nulla platea magnis praesent vestibulum orci. Justo dapibus varius a, scelerisque quis fermentum semper erat. Enim enim nam torquent cum, pellentesque; dictumst lobortis. Bibendum odio aliquam volutpat erat ut. Ornare ornare dictum ultrices montes aliquam egestas morbi. Aliquam magna blandit dis venenatis: auctor primis tempor! Elementum id feugiat, taciti nascetur cum molestie nostra habitasse bibendum? Ultrices posuere morbi dictumst tempus rutrum, cursus pharetra duis, rutrum ornare aenean? Donec libero bibendum tincidunt porta nam pretium. Dictum erat lobortis, curae diam nec, laoreet senectus hac augue praesent posuere hendrerit. Euismod habitasse penatibus a senectus ullamcorper cursus ac tristique ridiculus? Pretium accumsan augue auctor tortor facilisis morbi ut. Etiam feugiat semper arcu tellus accumsan, luctus cursus mollis fringilla, magna pharetra habitasse. Netus vestibulum suscipit tempor, felis fermentum felis fusce vivamus. Ut erat magnis ultrices, tellus netus sed euismod. Sagittis tincidunt condimentum fermentum venenatis dui sodales, interdum ornare curae montes quis? Malesuada sodales parturient velit sagittis egestas non pretium. Suspendisse metus pellentesque; nisl at sociosqu dui venenatis gravida. Ornare diam nulla sollicitudin etiam nisl mattis, parturient rhoncus sed. Auctor facilisis arcu platea mauris duis ultricies ultrices curae! Et dictum mi nec placerat faucibus, cubilia varius. Sodales porttitor molestie dignissim, mollis dui est mus netus. Suscipit vitae rhoncus nulla aenean tristique turpis vehicula scelerisque. Porta diam felis: ac cursus purus ullamcorper odio aptent felis. Rutrum pellentesque luctus tellus nulla lacinia sociosqu, ligula et purus suscipit habitasse. Consequat venenatis, nascetur commodo luctus viverra commodo montes, lacus ut vivamus lacus eu ultrices in metus habitasse.";12;"Weather conditions at the Burning Man festival in the US have eased enough to allow revellers to start leaving.
Heavy rain had turned the event, held in a desert in Nevada, into a mud bath.
The gro… ";FALSE
bbc-news;BBC News;Moon base: Bangor scientists design fuel to live in space;An energy source which could sustain life on the Moon for long periods has been designed by researchers.;http://www.bbc.co.uk/news/uk-wales-66687056;https://ichef.bbci.co.uk/news/1024/branded_news/1352B/production/_130974197_mediaitem130974164.jpg;September 04, 2023 07:52 AM;"Scientists have developed an energy source which could allow astronauts to live on the Moon for long periods of time.
The Nasa-led Artemis Program hopes for an outpost on the Moon by around 2030.
B…  Adipiscing lacus sociis porta euismod primis: etiam cubilia. Interdum nec, mauris ut nunc, consequat tempor. Parturient odio purus elementum mauris curae. Urna nullam aenean ultrices molestie, nisi, accumsan fusce enim cubilia tortor erat sem suscipit fusce. Ridiculus dui in sociis nullam molestie ad natoque tempor parturient. Aliquam quisque pulvinar penatibus, accumsan, pharetra sollicitudin ac netus, rutrum eleifend aenean. Dignissim nibh nullam lacinia torquent lectus, aptent donec class neque! Inceptos pharetra pulvinar luctus taciti ornare sociis inceptos nunc nisi. Eleifend sollicitudin fringilla nec enim sociis mi augue? Felis maecenas dictumst, habitant dapibus lobortis nulla platea magnis praesent vestibulum orci. Justo dapibus varius a, scelerisque quis fermentum semper erat. Enim enim nam torquent cum, pellentesque; dictumst lobortis. Bibendum odio aliquam volutpat erat ut. Ornare ornare dictum ultrices montes aliquam egestas morbi. Aliquam magna blandit dis venenatis: auctor primis tempor! Elementum id feugiat, taciti nascetur cum molestie nostra habitasse bibendum? Ultrices posuere morbi dictumst tempus rutrum, cursus pharetra duis, rutrum ornare aenean? Donec libero bibendum tincidunt porta nam pretium. Dictum erat lobortis, curae diam nec, laoreet senectus hac augue praesent posuere hendrerit. Euismod habitasse penatibus a senectus ullamcorper cursus ac tristique ridiculus? Pretium accumsan augue auctor tortor facilisis morbi ut. Etiam feugiat semper arcu tellus accumsan, luctus cursus mollis fringilla, magna pharetra habitasse. Netus vestibulum suscipit tempor, felis fermentum felis fusce vivamus. Ut erat magnis ultrices, tellus netus sed euismod. Sagittis tincidunt condimentum fermentum venenatis dui sodales, interdum ornare curae montes quis? Malesuada sodales parturient velit sagittis egestas non pretium. Suspendisse metus pellentesque; nisl at sociosqu dui venenatis gravida. Ornare diam nulla sollicitudin etiam nisl mattis, parturient rhoncus sed. Auctor facilisis arcu platea mauris duis ultricies ultrices curae! Et dictum mi nec placerat faucibus, cubilia varius. Sodales porttitor molestie dignissim, mollis dui est mus netus. Suscipit vitae rhoncus nulla aenean tristique turpis vehicula scelerisque. Porta diam felis: ac cursus purus ullamcorper odio aptent felis. Rutrum pellentesque luctus tellus nulla lacinia sociosqu, ligula et purus suscipit habitasse. Consequat venenatis, nascetur commodo luctus viverra commodo montes, lacus ut vivamus lacus eu ultrices in metus habitasse.";13;"Scientists have developed an energy source which could allow astronauts to live on the Moon for long periods of time.
The Nasa-led Artemis Program hopes for an outpost on the Moon by around 2030.
B… ";FALSE
bbc-news;BBC News;Biden disappointed Xi will not attend G20 summit;The two leaders last met on the side-lines of last year's summit in Bali, Indonesia.;http://www.bbc.co.uk/news/world-asia-china-66704059;https://ichef.bbci.co.uk/news/1024/branded_news/7D57/production/_130978023_6a2c73f98f8301c4f1a8b900f94957b0cd06f6340_0_5500_36671000x667.jpg;September 04, 2023 02:37 AM;"US President Joe Biden has said he is ""disappointed"" that his Chinese counterpart Xi Jinping plans to skip the upcoming G20 summit in India.
Chinese Premier Li Qiang is expected to represent Beijing…  Adipiscing lacus sociis porta euismod primis: etiam cubilia. Interdum nec, mauris ut nunc, consequat tempor. Parturient odio purus elementum mauris curae. Urna nullam aenean ultrices molestie, nisi, accumsan fusce enim cubilia tortor erat sem suscipit fusce. Ridiculus dui in sociis nullam molestie ad natoque tempor parturient. Aliquam quisque pulvinar penatibus, accumsan, pharetra sollicitudin ac netus, rutrum eleifend aenean. Dignissim nibh nullam lacinia torquent lectus, aptent donec class neque! Inceptos pharetra pulvinar luctus taciti ornare sociis inceptos nunc nisi. Eleifend sollicitudin fringilla nec enim sociis mi augue? Felis maecenas dictumst, habitant dapibus lobortis nulla platea magnis praesent vestibulum orci. Justo dapibus varius a, scelerisque quis fermentum semper erat. Enim enim nam torquent cum, pellentesque; dictumst lobortis. Bibendum odio aliquam volutpat erat ut. Ornare ornare dictum ultrices montes aliquam egestas morbi. Aliquam magna blandit dis venenatis: auctor primis tempor! Elementum id feugiat, taciti nascetur cum molestie nostra habitasse bibendum? Ultrices posuere morbi dictumst tempus rutrum, cursus pharetra duis, rutrum ornare aenean? Donec libero bibendum tincidunt porta nam pretium. Dictum erat lobortis, curae diam nec, laoreet senectus hac augue praesent posuere hendrerit. Euismod habitasse penatibus a senectus ullamcorper cursus ac tristique ridiculus? Pretium accumsan augue auctor tortor facilisis morbi ut. Etiam feugiat semper arcu tellus accumsan, luctus cursus mollis fringilla, magna pharetra habitasse. Netus vestibulum suscipit tempor, felis fermentum felis fusce vivamus. Ut erat magnis ultrices, tellus netus sed euismod. Sagittis tincidunt condimentum fermentum venenatis dui sodales, interdum ornare curae montes quis? Malesuada sodales parturient velit sagittis egestas non pretium. Suspendisse metus pellentesque; nisl at sociosqu dui venenatis gravida. Ornare diam nulla sollicitudin etiam nisl mattis, parturient rhoncus sed. Auctor facilisis arcu platea mauris duis ultricies ultrices curae! Et dictum mi nec placerat faucibus, cubilia varius. Sodales porttitor molestie dignissim, mollis dui est mus netus. Suscipit vitae rhoncus nulla aenean tristique turpis vehicula scelerisque. Porta diam felis: ac cursus purus ullamcorper odio aptent felis. Rutrum pellentesque luctus tellus nulla lacinia sociosqu, ligula et purus suscipit habitasse. Consequat venenatis, nascetur commodo luctus viverra commodo montes, lacus ut vivamus lacus eu ultrices in metus habitasse.";14;"US President Joe Biden has said he is ""disappointed"" that his Chinese counterpart Xi Jinping plans to skip the upcoming G20 summit in India.
Chinese Premier Li Qiang is expected to represent Beijing… ";FALSE
bbc-news;BBC News;Ukraine's defence minister Oleksii Reznikov dismissed;"Ukraine's President Volodymyr Zelensky dismissed Oleksii Reznikov, saying ""new approaches"" were needed.";http://www.bbc.co.uk/news/world-europe-66702893;https://ichef.bbci.co.uk/news/1024/branded_news/3761/production/_130977141_50522a74d4eeedce8b6d19a49a3c914a275386b20_0_3188_21211000x665.jpg;September 03, 2023 08:22 PM;"Ukraine's defence minister Oleksii Reznikov has been dismissed from his post, the country's leader Volodymyr Zelensky has announced.
Mr Reznikov had led the ministry since before the start of Russia…  Adipiscing lacus sociis porta euismod primis: etiam cubilia. Interdum nec, mauris ut nunc, consequat tempor. Parturient odio purus elementum mauris curae. Urna nullam aenean ultrices molestie, nisi, accumsan fusce enim cubilia tortor erat sem suscipit fusce. Ridiculus dui in sociis nullam molestie ad natoque tempor parturient. Aliquam quisque pulvinar penatibus, accumsan, pharetra sollicitudin ac netus, rutrum eleifend aenean. Dignissim nibh nullam lacinia torquent lectus, aptent donec class neque! Inceptos pharetra pulvinar luctus taciti ornare sociis inceptos nunc nisi. Eleifend sollicitudin fringilla nec enim sociis mi augue? Felis maecenas dictumst, habitant dapibus lobortis nulla platea magnis praesent vestibulum orci. Justo dapibus varius a, scelerisque quis fermentum semper erat. Enim enim nam torquent cum, pellentesque; dictumst lobortis. Bibendum odio aliquam volutpat erat ut. Ornare ornare dictum ultrices montes aliquam egestas morbi. Aliquam magna blandit dis venenatis: auctor primis tempor! Elementum id feugiat, taciti nascetur cum molestie nostra habitasse bibendum? Ultrices posuere morbi dictumst tempus rutrum, cursus pharetra duis, rutrum ornare aenean? Donec libero bibendum tincidunt porta nam pretium. Dictum erat lobortis, curae diam nec, laoreet senectus hac augue praesent posuere hendrerit. Euismod habitasse penatibus a senectus ullamcorper cursus ac tristique ridiculus? Pretium accumsan augue auctor tortor facilisis morbi ut. Etiam feugiat semper arcu tellus accumsan, luctus cursus mollis fringilla, magna pharetra habitasse. Netus vestibulum suscipit tempor, felis fermentum felis fusce vivamus. Ut erat magnis ultrices, tellus netus sed euismod. Sagittis tincidunt condimentum fermentum venenatis dui sodales, interdum ornare curae montes quis? Malesuada sodales parturient velit sagittis egestas non pretium. Suspendisse metus pellentesque; nisl at sociosqu dui venenatis gravida. Ornare diam nulla sollicitudin etiam nisl mattis, parturient rhoncus sed. Auctor facilisis arcu platea mauris duis ultricies ultrices curae! Et dictum mi nec placerat faucibus, cubilia varius. Sodales porttitor molestie dignissim, mollis dui est mus netus. Suscipit vitae rhoncus nulla aenean tristique turpis vehicula scelerisque. Porta diam felis: ac cursus purus ullamcorper odio aptent felis. Rutrum pellentesque luctus tellus nulla lacinia sociosqu, ligula et purus suscipit habitasse. Consequat venenatis, nascetur commodo luctus viverra commodo montes, lacus ut vivamus lacus eu ultrices in metus habitasse.";15;"Ukraine's defence minister Oleksii Reznikov has been dismissed from his post, the country's leader Volodymyr Zelensky has announced.
Mr Reznikov had led the ministry since before the start of Russia… ";FALSE
time;Solcyre Burga;Here’s Why Thousands of People Are Trapped at Burning Man;A death at the Burning Man festival in Black Rock City, Nevada is under investigation amid a gruesome weekend of heavy rain showers that left thousands of attendees stranded and with limited cell service and communication in the area.;http://time.com/6310457/burning-man-thousands-trapped/;https://api.time.com/wp-content/uploads/2023/09/burning-man.jpg?quality=85;September 03, 2023 04:44 PM;"A death at the Burning Man festival in Black Rock City, Nevada is under investigation amid a gruesome weekend of heavy rain showers that left thousands of attendees stranded and withlimited cell serv…  Adipiscing lacus sociis porta euismod primis: etiam cubilia. Interdum nec, mauris ut nunc, consequat tempor. Parturient odio purus elementum mauris curae. Urna nullam aenean ultrices molestie, nisi, accumsan fusce enim cubilia tortor erat sem suscipit fusce. Ridiculus dui in sociis nullam molestie ad natoque tempor parturient. Aliquam quisque pulvinar penatibus, accumsan, pharetra sollicitudin ac netus, rutrum eleifend aenean. Dignissim nibh nullam lacinia torquent lectus, aptent donec class neque! Inceptos pharetra pulvinar luctus taciti ornare sociis inceptos nunc nisi. Eleifend sollicitudin fringilla nec enim sociis mi augue? Felis maecenas dictumst, habitant dapibus lobortis nulla platea magnis praesent vestibulum orci. Justo dapibus varius a, scelerisque quis fermentum semper erat. Enim enim nam torquent cum, pellentesque; dictumst lobortis. Bibendum odio aliquam volutpat erat ut. Ornare ornare dictum ultrices montes aliquam egestas morbi. Aliquam magna blandit dis venenatis: auctor primis tempor! Elementum id feugiat, taciti nascetur cum molestie nostra habitasse bibendum? Ultrices posuere morbi dictumst tempus rutrum, cursus pharetra duis, rutrum ornare aenean? Donec libero bibendum tincidunt porta nam pretium. Dictum erat lobortis, curae diam nec, laoreet senectus hac augue praesent posuere hendrerit. Euismod habitasse penatibus a senectus ullamcorper cursus ac tristique ridiculus? Pretium accumsan augue auctor tortor facilisis morbi ut. Etiam feugiat semper arcu tellus accumsan, luctus cursus mollis fringilla, magna pharetra habitasse. Netus vestibulum suscipit tempor, felis fermentum felis fusce vivamus. Ut erat magnis ultrices, tellus netus sed euismod. Sagittis tincidunt condimentum fermentum venenatis dui sodales, interdum ornare curae montes quis? Malesuada sodales parturient velit sagittis egestas non pretium. Suspendisse metus pellentesque; nisl at sociosqu dui venenatis gravida. Ornare diam nulla sollicitudin etiam nisl mattis, parturient rhoncus sed. Auctor facilisis arcu platea mauris duis ultricies ultrices curae! Et dictum mi nec placerat faucibus, cubilia varius. Sodales porttitor molestie dignissim, mollis dui est mus netus. Suscipit vitae rhoncus nulla aenean tristique turpis vehicula scelerisque. Porta diam felis: ac cursus purus ullamcorper odio aptent felis. Rutrum pellentesque luctus tellus nulla lacinia sociosqu, ligula et purus suscipit habitasse. Consequat venenatis, nascetur commodo luctus viverra commodo montes, lacus ut vivamus lacus eu ultrices in metus habitasse.";16;A death at the Burning Man festival in Black Rock City, Nevada is under investigation amid a gruesome weekend of heavy rain showers that left thousands of attendees stranded and withlimited cell serv… ;FALSE
the-washington-post;Editorial Board;Banish the myth of ‘lazy girl jobs.’ Americans want to work.;On this Labor Day weekend, there is much to celebrate.;https://www.washingtonpost.com/opinions/2023/09/03/lazy-girl-jobs-myth-work-unemployment/;https://www.washingtonpost.com/wp-apps/imrs.php?src=https://arc-anglerfish-washpost-prod-washpost.s3.amazonaws.com/public/TS5HMYURWSNJKQVBJKY4ATUMTY.JPG&w=1440;September 03, 2023 10:45 AM;"The tradition of setting aside an annual day to celebrate the nations workers goes back nearly a century and a half.
But in recent years, an unfortunate myth has aris…  Adipiscing lacus sociis porta euismod primis: etiam cubilia. Interdum nec, mauris ut nunc, consequat tempor. Parturient odio purus elementum mauris curae. Urna nullam aenean ultrices molestie, nisi, accumsan fusce enim cubilia tortor erat sem suscipit fusce. Ridiculus dui in sociis nullam molestie ad natoque tempor parturient. Aliquam quisque pulvinar penatibus, accumsan, pharetra sollicitudin ac netus, rutrum eleifend aenean. Dignissim nibh nullam lacinia torquent lectus, aptent donec class neque! Inceptos pharetra pulvinar luctus taciti ornare sociis inceptos nunc nisi. Eleifend sollicitudin fringilla nec enim sociis mi augue? Felis maecenas dictumst, habitant dapibus lobortis nulla platea magnis praesent vestibulum orci. Justo dapibus varius a, scelerisque quis fermentum semper erat. Enim enim nam torquent cum, pellentesque; dictumst lobortis. Bibendum odio aliquam volutpat erat ut. Ornare ornare dictum ultrices montes aliquam egestas morbi. Aliquam magna blandit dis venenatis: auctor primis tempor! Elementum id feugiat, taciti nascetur cum molestie nostra habitasse bibendum? Ultrices posuere morbi dictumst tempus rutrum, cursus pharetra duis, rutrum ornare aenean? Donec libero bibendum tincidunt porta nam pretium. Dictum erat lobortis, curae diam nec, laoreet senectus hac augue praesent posuere hendrerit. Euismod habitasse penatibus a senectus ullamcorper cursus ac tristique ridiculus? Pretium accumsan augue auctor tortor facilisis morbi ut. Etiam feugiat semper arcu tellus accumsan, luctus cursus mollis fringilla, magna pharetra habitasse. Netus vestibulum suscipit tempor, felis fermentum felis fusce vivamus. Ut erat magnis ultrices, tellus netus sed euismod. Sagittis tincidunt condimentum fermentum venenatis dui sodales, interdum ornare curae montes quis? Malesuada sodales parturient velit sagittis egestas non pretium. Suspendisse metus pellentesque; nisl at sociosqu dui venenatis gravida. Ornare diam nulla sollicitudin etiam nisl mattis, parturient rhoncus sed. Auctor facilisis arcu platea mauris duis ultricies ultrices curae! Et dictum mi nec placerat faucibus, cubilia varius. Sodales porttitor molestie dignissim, mollis dui est mus netus. Suscipit vitae rhoncus nulla aenean tristique turpis vehicula scelerisque. Porta diam felis: ac cursus purus ullamcorper odio aptent felis. Rutrum pellentesque luctus tellus nulla lacinia sociosqu, ligula et purus suscipit habitasse. Consequat venenatis, nascetur commodo luctus viverra commodo montes, lacus ut vivamus lacus eu ultrices in metus habitasse.";17;"The tradition of setting aside an annual day to celebrate the nations workers goes back nearly a century and a half.
But in recent years, an unfortunate myth has aris… ";FALSE
the-washington-post;E.J. Dionne Jr.;At last, a Labor Day when workers can celebrate their power;This Labor Day, for the first time in a while, American workers are on top.;https://www.washingtonpost.com/opinions/2023/09/03/ej-dionne-labor-day-workers-celebrate/;https://www.washingtonpost.com/wp-apps/imrs.php?src=https://arc-anglerfish-washpost-prod-washpost.s3.amazonaws.com/public/KNM4A6AXBOFDN2PKKP2VR45YEE.jpg&w=1440;September 03, 2023 10:30 AM;"Workers and organized labor are cool again. Young Americans are the countrys most pro-union generation. Labor has poll ratings most politicians only dream about, and t…  Adipiscing lacus sociis porta euismod primis: etiam cubilia. Interdum nec, mauris ut nunc, consequat tempor. Parturient odio purus elementum mauris curae. Urna nullam aenean ultrices molestie, nisi, accumsan fusce enim cubilia tortor erat sem suscipit fusce. Ridiculus dui in sociis nullam molestie ad natoque tempor parturient. Aliquam quisque pulvinar penatibus, accumsan, pharetra sollicitudin ac netus, rutrum eleifend aenean. Dignissim nibh nullam lacinia torquent lectus, aptent donec class neque! Inceptos pharetra pulvinar luctus taciti ornare sociis inceptos nunc nisi. Eleifend sollicitudin fringilla nec enim sociis mi augue? Felis maecenas dictumst, habitant dapibus lobortis nulla platea magnis praesent vestibulum orci. Justo dapibus varius a, scelerisque quis fermentum semper erat. Enim enim nam torquent cum, pellentesque; dictumst lobortis. Bibendum odio aliquam volutpat erat ut. Ornare ornare dictum ultrices montes aliquam egestas morbi. Aliquam magna blandit dis venenatis: auctor primis tempor! Elementum id feugiat, taciti nascetur cum molestie nostra habitasse bibendum? Ultrices posuere morbi dictumst tempus rutrum, cursus pharetra duis, rutrum ornare aenean? Donec libero bibendum tincidunt porta nam pretium. Dictum erat lobortis, curae diam nec, laoreet senectus hac augue praesent posuere hendrerit. Euismod habitasse penatibus a senectus ullamcorper cursus ac tristique ridiculus? Pretium accumsan augue auctor tortor facilisis morbi ut. Etiam feugiat semper arcu tellus accumsan, luctus cursus mollis fringilla, magna pharetra habitasse. Netus vestibulum suscipit tempor, felis fermentum felis fusce vivamus. Ut erat magnis ultrices, tellus netus sed euismod. Sagittis tincidunt condimentum fermentum venenatis dui sodales, interdum ornare curae montes quis? Malesuada sodales parturient velit sagittis egestas non pretium. Suspendisse metus pellentesque; nisl at sociosqu dui venenatis gravida. Ornare diam nulla sollicitudin etiam nisl mattis, parturient rhoncus sed. Auctor facilisis arcu platea mauris duis ultricies ultrices curae! Et dictum mi nec placerat faucibus, cubilia varius. Sodales porttitor molestie dignissim, mollis dui est mus netus. Suscipit vitae rhoncus nulla aenean tristique turpis vehicula scelerisque. Porta diam felis: ac cursus purus ullamcorper odio aptent felis. Rutrum pellentesque luctus tellus nulla lacinia sociosqu, ligula et purus suscipit habitasse. Consequat venenatis, nascetur commodo luctus viverra commodo montes, lacus ut vivamus lacus eu ultrices in metus habitasse.";18;Workers and organized labor are cool again. Young Americans are the countrys most pro-union generation. Labor has poll ratings most politicians only dream about, and t… ;FALSE
bbc-news;BBC News;Paul McCartney: Global search for missing Beatles' 1961 Höfner guitar;The famous instrument featured in some of The Beatles biggest hits, but disappeared in 1969.;http://www.bbc.co.uk/news/entertainment-arts-66700300;https://ichef.bbci.co.uk/news/1024/branded_news/8045/production/_130973823_gettyimages-98591035.jpg;September 03, 2023 09:07 AM;"A global search has been launched to find one of the world's most iconic instruments - Paul McCartney's original Höfner bass guitar.
The Lost Bass Project is appealing for information about what it …  Adipiscing lacus sociis porta euismod primis: etiam cubilia. Interdum nec, mauris ut nunc, consequat tempor. Parturient odio purus elementum mauris curae. Urna nullam aenean ultrices molestie, nisi, accumsan fusce enim cubilia tortor erat sem suscipit fusce. Ridiculus dui in sociis nullam molestie ad natoque tempor parturient. Aliquam quisque pulvinar penatibus, accumsan, pharetra sollicitudin ac netus, rutrum eleifend aenean. Dignissim nibh nullam lacinia torquent lectus, aptent donec class neque! Inceptos pharetra pulvinar luctus taciti ornare sociis inceptos nunc nisi. Eleifend sollicitudin fringilla nec enim sociis mi augue? Felis maecenas dictumst, habitant dapibus lobortis nulla platea magnis praesent vestibulum orci. Justo dapibus varius a, scelerisque quis fermentum semper erat. Enim enim nam torquent cum, pellentesque; dictumst lobortis. Bibendum odio aliquam volutpat erat ut. Ornare ornare dictum ultrices montes aliquam egestas morbi. Aliquam magna blandit dis venenatis: auctor primis tempor! Elementum id feugiat, taciti nascetur cum molestie nostra habitasse bibendum? Ultrices posuere morbi dictumst tempus rutrum, cursus pharetra duis, rutrum ornare aenean? Donec libero bibendum tincidunt porta nam pretium. Dictum erat lobortis, curae diam nec, laoreet senectus hac augue praesent posuere hendrerit. Euismod habitasse penatibus a senectus ullamcorper cursus ac tristique ridiculus? Pretium accumsan augue auctor tortor facilisis morbi ut. Etiam feugiat semper arcu tellus accumsan, luctus cursus mollis fringilla, magna pharetra habitasse. Netus vestibulum suscipit tempor, felis fermentum felis fusce vivamus. Ut erat magnis ultrices, tellus netus sed euismod. Sagittis tincidunt condimentum fermentum venenatis dui sodales, interdum ornare curae montes quis? Malesuada sodales parturient velit sagittis egestas non pretium. Suspendisse metus pellentesque; nisl at sociosqu dui venenatis gravida. Ornare diam nulla sollicitudin etiam nisl mattis, parturient rhoncus sed. Auctor facilisis arcu platea mauris duis ultricies ultrices curae! Et dictum mi nec placerat faucibus, cubilia varius. Sodales porttitor molestie dignissim, mollis dui est mus netus. Suscipit vitae rhoncus nulla aenean tristique turpis vehicula scelerisque. Porta diam felis: ac cursus purus ullamcorper odio aptent felis. Rutrum pellentesque luctus tellus nulla lacinia sociosqu, ligula et purus suscipit habitasse. Consequat venenatis, nascetur commodo luctus viverra commodo montes, lacus ut vivamus lacus eu ultrices in metus habitasse.";19;"A global search has been launched to find one of the world's most iconic instruments - Paul McCartney's original Höfner bass guitar.
The Lost Bass Project is appealing for information about what it … ";FALSE
the-washington-post;Washington Post Staff;A capital summer: A visual journal of the region’s people and places;A visual journal of the region’s people and places.;https://www.washingtonpost.com/dc-md-va/interactive/2023/visual-journal-washington-maryland-virginia/;https://www.washingtonpost.com/wp-apps/imrs.php?src=https://arc-anglerfish-washpost-prod-washpost.s3.amazonaws.com/public/2ZVZGNG3F5N3GOB2KPYXK7ULZA.JPG&w=1200;September 01, 2023 10:00 AM;"Summer is fleeting, Shakespeare wrote: Its lease hath all too short a date. Yet its a season that inspires music, art and celebration, and meditations on nature and, in Shakespeares case, beauty.
Be…  Adipiscing lacus sociis porta euismod primis: etiam cubilia. Interdum nec, mauris ut nunc, consequat tempor. Parturient odio purus elementum mauris curae. Urna nullam aenean ultrices molestie, nisi, accumsan fusce enim cubilia tortor erat sem suscipit fusce. Ridiculus dui in sociis nullam molestie ad natoque tempor parturient. Aliquam quisque pulvinar penatibus, accumsan, pharetra sollicitudin ac netus, rutrum eleifend aenean. Dignissim nibh nullam lacinia torquent lectus, aptent donec class neque! Inceptos pharetra pulvinar luctus taciti ornare sociis inceptos nunc nisi. Eleifend sollicitudin fringilla nec enim sociis mi augue? Felis maecenas dictumst, habitant dapibus lobortis nulla platea magnis praesent vestibulum orci. Justo dapibus varius a, scelerisque quis fermentum semper erat. Enim enim nam torquent cum, pellentesque; dictumst lobortis. Bibendum odio aliquam volutpat erat ut. Ornare ornare dictum ultrices montes aliquam egestas morbi. Aliquam magna blandit dis venenatis: auctor primis tempor! Elementum id feugiat, taciti nascetur cum molestie nostra habitasse bibendum? Ultrices posuere morbi dictumst tempus rutrum, cursus pharetra duis, rutrum ornare aenean? Donec libero bibendum tincidunt porta nam pretium. Dictum erat lobortis, curae diam nec, laoreet senectus hac augue praesent posuere hendrerit. Euismod habitasse penatibus a senectus ullamcorper cursus ac tristique ridiculus? Pretium accumsan augue auctor tortor facilisis morbi ut. Etiam feugiat semper arcu tellus accumsan, luctus cursus mollis fringilla, magna pharetra habitasse. Netus vestibulum suscipit tempor, felis fermentum felis fusce vivamus. Ut erat magnis ultrices, tellus netus sed euismod. Sagittis tincidunt condimentum fermentum venenatis dui sodales, interdum ornare curae montes quis? Malesuada sodales parturient velit sagittis egestas non pretium. Suspendisse metus pellentesque; nisl at sociosqu dui venenatis gravida. Ornare diam nulla sollicitudin etiam nisl mattis, parturient rhoncus sed. Auctor facilisis arcu platea mauris duis ultricies ultrices curae! Et dictum mi nec placerat faucibus, cubilia varius. Sodales porttitor molestie dignissim, mollis dui est mus netus. Suscipit vitae rhoncus nulla aenean tristique turpis vehicula scelerisque. Porta diam felis: ac cursus purus ullamcorper odio aptent felis. Rutrum pellentesque luctus tellus nulla lacinia sociosqu, ligula et purus suscipit habitasse. Consequat venenatis, nascetur commodo luctus viverra commodo montes, lacus ut vivamus lacus eu ultrices in metus habitasse.";20;"Summer is fleeting, Shakespeare wrote: Its lease hath all too short a date. Yet its a season that inspires music, art and celebration, and meditations on nature and, in Shakespeares case, beauty.
Be… ";FALSE
time;Elijah Wolfson;What to Make of VinFast's Wild Week On Wall Street;EV-maker VinFast lost some $90 billion in market value since Aug. 28, but it still remains one of the world's most valuable car companies.;http://time.com/6310098/vinfast-ev-market-value/;https://api.time.com/wp-content/uploads/2023/08/vinfast-first-shipment.jpg?quality=85;August 31, 2023 04:36 PM;"The last few days have been a financial see-saw of sorts for VinFast Auto, the Vietnam-based electric vehicle manufacturer that bet big on its planned entry into the U.S. market last year, and then w…  Adipiscing lacus sociis porta euismod primis: etiam cubilia. Interdum nec, mauris ut nunc, consequat tempor. Parturient odio purus elementum mauris curae. Urna nullam aenean ultrices molestie, nisi, accumsan fusce enim cubilia tortor erat sem suscipit fusce. Ridiculus dui in sociis nullam molestie ad natoque tempor parturient. Aliquam quisque pulvinar penatibus, accumsan, pharetra sollicitudin ac netus, rutrum eleifend aenean. Dignissim nibh nullam lacinia torquent lectus, aptent donec class neque! Inceptos pharetra pulvinar luctus taciti ornare sociis inceptos nunc nisi. Eleifend sollicitudin fringilla nec enim sociis mi augue? Felis maecenas dictumst, habitant dapibus lobortis nulla platea magnis praesent vestibulum orci. Justo dapibus varius a, scelerisque quis fermentum semper erat. Enim enim nam torquent cum, pellentesque; dictumst lobortis. Bibendum odio aliquam volutpat erat ut. Ornare ornare dictum ultrices montes aliquam egestas morbi. Aliquam magna blandit dis venenatis: auctor primis tempor! Elementum id feugiat, taciti nascetur cum molestie nostra habitasse bibendum? Ultrices posuere morbi dictumst tempus rutrum, cursus pharetra duis, rutrum ornare aenean? Donec libero bibendum tincidunt porta nam pretium. Dictum erat lobortis, curae diam nec, laoreet senectus hac augue praesent posuere hendrerit. Euismod habitasse penatibus a senectus ullamcorper cursus ac tristique ridiculus? Pretium accumsan augue auctor tortor facilisis morbi ut. Etiam feugiat semper arcu tellus accumsan, luctus cursus mollis fringilla, magna pharetra habitasse. Netus vestibulum suscipit tempor, felis fermentum felis fusce vivamus. Ut erat magnis ultrices, tellus netus sed euismod. Sagittis tincidunt condimentum fermentum venenatis dui sodales, interdum ornare curae montes quis? Malesuada sodales parturient velit sagittis egestas non pretium. Suspendisse metus pellentesque; nisl at sociosqu dui venenatis gravida. Ornare diam nulla sollicitudin etiam nisl mattis, parturient rhoncus sed. Auctor facilisis arcu platea mauris duis ultricies ultrices curae! Et dictum mi nec placerat faucibus, cubilia varius. Sodales porttitor molestie dignissim, mollis dui est mus netus. Suscipit vitae rhoncus nulla aenean tristique turpis vehicula scelerisque. Porta diam felis: ac cursus purus ullamcorper odio aptent felis. Rutrum pellentesque luctus tellus nulla lacinia sociosqu, ligula et purus suscipit habitasse. Consequat venenatis, nascetur commodo luctus viverra commodo montes, lacus ut vivamus lacus eu ultrices in metus habitasse.";21;The last few days have been a financial see-saw of sorts for VinFast Auto, the Vietnam-based electric vehicle manufacturer that bet big on its planned entry into the U.S. market last year, and then w… ;FALSE
time;Gerald Imray / AP;Dozens Dead, Toll Climbing in Johannesburg After Fire Burns Building Settled by Homeless;At least 73 people died Thursday when a fire ripped through a multi-story building that emergency services said had been overtaken by homeless people.;http://time.com/6309985/south-africa-johannesburg-building-fire/;https://api.time.com/wp-content/uploads/2023/08/South-Africa-Homeless-Fire-Deaths.jpg?quality=85;August 31, 2023 07:15 AM;"JOHANNESBURG A nighttime fire ripped through a rundown five-story building in Johannesburg that was occupied by homeless people and squatters, leaving at least 73 people dead early Thursday, emergenc…  Adipiscing lacus sociis porta euismod primis: etiam cubilia. Interdum nec, mauris ut nunc, consequat tempor. Parturient odio purus elementum mauris curae. Urna nullam aenean ultrices molestie, nisi, accumsan fusce enim cubilia tortor erat sem suscipit fusce. Ridiculus dui in sociis nullam molestie ad natoque tempor parturient. Aliquam quisque pulvinar penatibus, accumsan, pharetra sollicitudin ac netus, rutrum eleifend aenean. Dignissim nibh nullam lacinia torquent lectus, aptent donec class neque! Inceptos pharetra pulvinar luctus taciti ornare sociis inceptos nunc nisi. Eleifend sollicitudin fringilla nec enim sociis mi augue? Felis maecenas dictumst, habitant dapibus lobortis nulla platea magnis praesent vestibulum orci. Justo dapibus varius a, scelerisque quis fermentum semper erat. Enim enim nam torquent cum, pellentesque; dictumst lobortis. Bibendum odio aliquam volutpat erat ut. Ornare ornare dictum ultrices montes aliquam egestas morbi. Aliquam magna blandit dis venenatis: auctor primis tempor! Elementum id feugiat, taciti nascetur cum molestie nostra habitasse bibendum? Ultrices posuere morbi dictumst tempus rutrum, cursus pharetra duis, rutrum ornare aenean? Donec libero bibendum tincidunt porta nam pretium. Dictum erat lobortis, curae diam nec, laoreet senectus hac augue praesent posuere hendrerit. Euismod habitasse penatibus a senectus ullamcorper cursus ac tristique ridiculus? Pretium accumsan augue auctor tortor facilisis morbi ut. Etiam feugiat semper arcu tellus accumsan, luctus cursus mollis fringilla, magna pharetra habitasse. Netus vestibulum suscipit tempor, felis fermentum felis fusce vivamus. Ut erat magnis ultrices, tellus netus sed euismod. Sagittis tincidunt condimentum fermentum venenatis dui sodales, interdum ornare curae montes quis? Malesuada sodales parturient velit sagittis egestas non pretium. Suspendisse metus pellentesque; nisl at sociosqu dui venenatis gravida. Ornare diam nulla sollicitudin etiam nisl mattis, parturient rhoncus sed. Auctor facilisis arcu platea mauris duis ultricies ultrices curae! Et dictum mi nec placerat faucibus, cubilia varius. Sodales porttitor molestie dignissim, mollis dui est mus netus. Suscipit vitae rhoncus nulla aenean tristique turpis vehicula scelerisque. Porta diam felis: ac cursus purus ullamcorper odio aptent felis. Rutrum pellentesque luctus tellus nulla lacinia sociosqu, ligula et purus suscipit habitasse. Consequat venenatis, nascetur commodo luctus viverra commodo montes, lacus ut vivamus lacus eu ultrices in metus habitasse.";22;JOHANNESBURG A nighttime fire ripped through a rundown five-story building in Johannesburg that was occupied by homeless people and squatters, leaving at least 73 people dead early Thursday, emergenc… ;FALSE
time;Alejandro de la Garza;The ‘Hurricane Tax’ Hitting Florida Alongside Idalia;More than a million Florida homeowners rely on the state's public insurer. That could create financial problems for the entire state post-Idalia.;http://time.com/6309815/floridas-broken-home-insurance-market-is-creating-a-hurricane-tax/;https://api.time.com/wp-content/uploads/2023/08/GettyImages-1648507828.jpg?quality=85;August 30, 2023 08:47 PM;"In Florida, it wont just be those with homes and businesses hit directly by Hurricane Idalia who might be stuck picking up the pieces. Thanks to a broken home insurance market, a particularly bad hur…  Adipiscing lacus sociis porta euismod primis: etiam cubilia. Interdum nec, mauris ut nunc, consequat tempor. Parturient odio purus elementum mauris curae. Urna nullam aenean ultrices molestie, nisi, accumsan fusce enim cubilia tortor erat sem suscipit fusce. Ridiculus dui in sociis nullam molestie ad natoque tempor parturient. Aliquam quisque pulvinar penatibus, accumsan, pharetra sollicitudin ac netus, rutrum eleifend aenean. Dignissim nibh nullam lacinia torquent lectus, aptent donec class neque! Inceptos pharetra pulvinar luctus taciti ornare sociis inceptos nunc nisi. Eleifend sollicitudin fringilla nec enim sociis mi augue? Felis maecenas dictumst, habitant dapibus lobortis nulla platea magnis praesent vestibulum orci. Justo dapibus varius a, scelerisque quis fermentum semper erat. Enim enim nam torquent cum, pellentesque; dictumst lobortis. Bibendum odio aliquam volutpat erat ut. Ornare ornare dictum ultrices montes aliquam egestas morbi. Aliquam magna blandit dis venenatis: auctor primis tempor! Elementum id feugiat, taciti nascetur cum molestie nostra habitasse bibendum? Ultrices posuere morbi dictumst tempus rutrum, cursus pharetra duis, rutrum ornare aenean? Donec libero bibendum tincidunt porta nam pretium. Dictum erat lobortis, curae diam nec, laoreet senectus hac augue praesent posuere hendrerit. Euismod habitasse penatibus a senectus ullamcorper cursus ac tristique ridiculus? Pretium accumsan augue auctor tortor facilisis morbi ut. Etiam feugiat semper arcu tellus accumsan, luctus cursus mollis fringilla, magna pharetra habitasse. Netus vestibulum suscipit tempor, felis fermentum felis fusce vivamus. Ut erat magnis ultrices, tellus netus sed euismod. Sagittis tincidunt condimentum fermentum venenatis dui sodales, interdum ornare curae montes quis? Malesuada sodales parturient velit sagittis egestas non pretium. Suspendisse metus pellentesque; nisl at sociosqu dui venenatis gravida. Ornare diam nulla sollicitudin etiam nisl mattis, parturient rhoncus sed. Auctor facilisis arcu platea mauris duis ultricies ultrices curae! Et dictum mi nec placerat faucibus, cubilia varius. Sodales porttitor molestie dignissim, mollis dui est mus netus. Suscipit vitae rhoncus nulla aenean tristique turpis vehicula scelerisque. Porta diam felis: ac cursus purus ullamcorper odio aptent felis. Rutrum pellentesque luctus tellus nulla lacinia sociosqu, ligula et purus suscipit habitasse. Consequat venenatis, nascetur commodo luctus viverra commodo montes, lacus ut vivamus lacus eu ultrices in metus habitasse.";23;In Florida, it wont just be those with homes and businesses hit directly by Hurricane Idalia who might be stuck picking up the pieces. Thanks to a broken home insurance market, a particularly bad hur… ;FALSE
time;Sanya Mansoor;Without Work Opportunities, Migrants in NYC Stuck in Overcrowded Temporary Housing;Without work opportunities, migrants in New York City are stuck in overcrowded temporary housing situations.;http://time.com/6309481/nyc-migrants-temporary-housing-work-permits/;https://api.time.com/wp-content/uploads/2023/08/migrant-shelters-new-york-01.jpg?quality=85;August 30, 2023 11:00 AM;"Ali Sayyid, a father of six, tries to quickly change direction when his children hear the sound of an ice cream truck coming down a New York City street. He cant afford it. 
In Afghanistan, life was…  Adipiscing lacus sociis porta euismod primis: etiam cubilia. Interdum nec, mauris ut nunc, consequat tempor. Parturient odio purus elementum mauris curae. Urna nullam aenean ultrices molestie, nisi, accumsan fusce enim cubilia tortor erat sem suscipit fusce. Ridiculus dui in sociis nullam molestie ad natoque tempor parturient. Aliquam quisque pulvinar penatibus, accumsan, pharetra sollicitudin ac netus, rutrum eleifend aenean. Dignissim nibh nullam lacinia torquent lectus, aptent donec class neque! Inceptos pharetra pulvinar luctus taciti ornare sociis inceptos nunc nisi. Eleifend sollicitudin fringilla nec enim sociis mi augue? Felis maecenas dictumst, habitant dapibus lobortis nulla platea magnis praesent vestibulum orci. Justo dapibus varius a, scelerisque quis fermentum semper erat. Enim enim nam torquent cum, pellentesque; dictumst lobortis. Bibendum odio aliquam volutpat erat ut. Ornare ornare dictum ultrices montes aliquam egestas morbi. Aliquam magna blandit dis venenatis: auctor primis tempor! Elementum id feugiat, taciti nascetur cum molestie nostra habitasse bibendum? Ultrices posuere morbi dictumst tempus rutrum, cursus pharetra duis, rutrum ornare aenean? Donec libero bibendum tincidunt porta nam pretium. Dictum erat lobortis, curae diam nec, laoreet senectus hac augue praesent posuere hendrerit. Euismod habitasse penatibus a senectus ullamcorper cursus ac tristique ridiculus? Pretium accumsan augue auctor tortor facilisis morbi ut. Etiam feugiat semper arcu tellus accumsan, luctus cursus mollis fringilla, magna pharetra habitasse. Netus vestibulum suscipit tempor, felis fermentum felis fusce vivamus. Ut erat magnis ultrices, tellus netus sed euismod. Sagittis tincidunt condimentum fermentum venenatis dui sodales, interdum ornare curae montes quis? Malesuada sodales parturient velit sagittis egestas non pretium. Suspendisse metus pellentesque; nisl at sociosqu dui venenatis gravida. Ornare diam nulla sollicitudin etiam nisl mattis, parturient rhoncus sed. Auctor facilisis arcu platea mauris duis ultricies ultrices curae! Et dictum mi nec placerat faucibus, cubilia varius. Sodales porttitor molestie dignissim, mollis dui est mus netus. Suscipit vitae rhoncus nulla aenean tristique turpis vehicula scelerisque. Porta diam felis: ac cursus purus ullamcorper odio aptent felis. Rutrum pellentesque luctus tellus nulla lacinia sociosqu, ligula et purus suscipit habitasse. Consequat venenatis, nascetur commodo luctus viverra commodo montes, lacus ut vivamus lacus eu ultrices in metus habitasse.";24;"Ali Sayyid, a father of six, tries to quickly change direction when his children hear the sound of an ice cream truck coming down a New York City street. He cant afford it. 
In Afghanistan, life was… ";FALSE
time;Associated Press;Forecasters Expect Tropical Storm Idalia Will Become a Hurricane Before it Hits Florida;Forecasters predict that Tropical Storm Idalia will hit Florida on Tuesday, Aug. 29—and will be a hurricane at that point.;http://time.com/6308993/hurricane-idalia-florida-forecast/;https://api.time.com/wp-content/uploads/2023/08/storm-idalia-cuba.jpg?quality=85;August 28, 2023 04:38 PM;"MIAMI (AP) Tropical Storm Idalia intensified early Monday and was expected to become a major hurricane before it reaches Florida's Gulf coast, the National Hurricane Center said Monday, warning of an…  Adipiscing lacus sociis porta euismod primis: etiam cubilia. Interdum nec, mauris ut nunc, consequat tempor. Parturient odio purus elementum mauris curae. Urna nullam aenean ultrices molestie, nisi, accumsan fusce enim cubilia tortor erat sem suscipit fusce. Ridiculus dui in sociis nullam molestie ad natoque tempor parturient. Aliquam quisque pulvinar penatibus, accumsan, pharetra sollicitudin ac netus, rutrum eleifend aenean. Dignissim nibh nullam lacinia torquent lectus, aptent donec class neque! Inceptos pharetra pulvinar luctus taciti ornare sociis inceptos nunc nisi. Eleifend sollicitudin fringilla nec enim sociis mi augue? Felis maecenas dictumst, habitant dapibus lobortis nulla platea magnis praesent vestibulum orci. Justo dapibus varius a, scelerisque quis fermentum semper erat. Enim enim nam torquent cum, pellentesque; dictumst lobortis. Bibendum odio aliquam volutpat erat ut. Ornare ornare dictum ultrices montes aliquam egestas morbi. Aliquam magna blandit dis venenatis: auctor primis tempor! Elementum id feugiat, taciti nascetur cum molestie nostra habitasse bibendum? Ultrices posuere morbi dictumst tempus rutrum, cursus pharetra duis, rutrum ornare aenean? Donec libero bibendum tincidunt porta nam pretium. Dictum erat lobortis, curae diam nec, laoreet senectus hac augue praesent posuere hendrerit. Euismod habitasse penatibus a senectus ullamcorper cursus ac tristique ridiculus? Pretium accumsan augue auctor tortor facilisis morbi ut. Etiam feugiat semper arcu tellus accumsan, luctus cursus mollis fringilla, magna pharetra habitasse. Netus vestibulum suscipit tempor, felis fermentum felis fusce vivamus. Ut erat magnis ultrices, tellus netus sed euismod. Sagittis tincidunt condimentum fermentum venenatis dui sodales, interdum ornare curae montes quis? Malesuada sodales parturient velit sagittis egestas non pretium. Suspendisse metus pellentesque; nisl at sociosqu dui venenatis gravida. Ornare diam nulla sollicitudin etiam nisl mattis, parturient rhoncus sed. Auctor facilisis arcu platea mauris duis ultricies ultrices curae! Et dictum mi nec placerat faucibus, cubilia varius. Sodales porttitor molestie dignissim, mollis dui est mus netus. Suscipit vitae rhoncus nulla aenean tristique turpis vehicula scelerisque. Porta diam felis: ac cursus purus ullamcorper odio aptent felis. Rutrum pellentesque luctus tellus nulla lacinia sociosqu, ligula et purus suscipit habitasse. Consequat venenatis, nascetur commodo luctus viverra commodo montes, lacus ut vivamus lacus eu ultrices in metus habitasse.";25;MIAMI (AP) Tropical Storm Idalia intensified early Monday and was expected to become a major hurricane before it reaches Florida's Gulf coast, the National Hurricane Center said Monday, warning of an… ;FALSE
time;Jamie Ducharme;America Has Reached Peak Therapy. Why Is Our Mental Health Getting Worse?;More people in the U.S. are seeking mental health care than ever before, but mental health is getting worse. What's going wrong?;http://time.com/6308096/therapy-mental-health-worse-us/;https://api.time.com/wp-content/uploads/2023/08/therapy-america.jpg?quality=85;August 28, 2023 12:00 PM;"The U.S. has reached peak therapy. Counseling has become fodder for hit books, podcasts, and movies. Professional athletes, celebrities, and politicians routinely go public with their mental health s…  Adipiscing lacus sociis porta euismod primis: etiam cubilia. Interdum nec, mauris ut nunc, consequat tempor. Parturient odio purus elementum mauris curae. Urna nullam aenean ultrices molestie, nisi, accumsan fusce enim cubilia tortor erat sem suscipit fusce. Ridiculus dui in sociis nullam molestie ad natoque tempor parturient. Aliquam quisque pulvinar penatibus, accumsan, pharetra sollicitudin ac netus, rutrum eleifend aenean. Dignissim nibh nullam lacinia torquent lectus, aptent donec class neque! Inceptos pharetra pulvinar luctus taciti ornare sociis inceptos nunc nisi. Eleifend sollicitudin fringilla nec enim sociis mi augue? Felis maecenas dictumst, habitant dapibus lobortis nulla platea magnis praesent vestibulum orci. Justo dapibus varius a, scelerisque quis fermentum semper erat. Enim enim nam torquent cum, pellentesque; dictumst lobortis. Bibendum odio aliquam volutpat erat ut. Ornare ornare dictum ultrices montes aliquam egestas morbi. Aliquam magna blandit dis venenatis: auctor primis tempor! Elementum id feugiat, taciti nascetur cum molestie nostra habitasse bibendum? Ultrices posuere morbi dictumst tempus rutrum, cursus pharetra duis, rutrum ornare aenean? Donec libero bibendum tincidunt porta nam pretium. Dictum erat lobortis, curae diam nec, laoreet senectus hac augue praesent posuere hendrerit. Euismod habitasse penatibus a senectus ullamcorper cursus ac tristique ridiculus? Pretium accumsan augue auctor tortor facilisis morbi ut. Etiam feugiat semper arcu tellus accumsan, luctus cursus mollis fringilla, magna pharetra habitasse. Netus vestibulum suscipit tempor, felis fermentum felis fusce vivamus. Ut erat magnis ultrices, tellus netus sed euismod. Sagittis tincidunt condimentum fermentum venenatis dui sodales, interdum ornare curae montes quis? Malesuada sodales parturient velit sagittis egestas non pretium. Suspendisse metus pellentesque; nisl at sociosqu dui venenatis gravida. Ornare diam nulla sollicitudin etiam nisl mattis, parturient rhoncus sed. Auctor facilisis arcu platea mauris duis ultricies ultrices curae! Et dictum mi nec placerat faucibus, cubilia varius. Sodales porttitor molestie dignissim, mollis dui est mus netus. Suscipit vitae rhoncus nulla aenean tristique turpis vehicula scelerisque. Porta diam felis: ac cursus purus ullamcorper odio aptent felis. Rutrum pellentesque luctus tellus nulla lacinia sociosqu, ligula et purus suscipit habitasse. Consequat venenatis, nascetur commodo luctus viverra commodo montes, lacus ut vivamus lacus eu ultrices in metus habitasse.";26;The U.S. has reached peak therapy. Counseling has become fodder for hit books, podcasts, and movies. Professional athletes, celebrities, and politicians routinely go public with their mental health s… ;FALSE
time;Janell Ross;You Can't Talk About Trump's Georgia Case Without Talking About Racism;As Fani Willis prosecutes Trump and 18 others in Fulton County, Georgia, it's important to understand how central race is to the case, in ways both overt and implicit.;http://time.com/6307644/georgia-indictment-trump-fani-willis-race/;https://api.time.com/wp-content/uploads/2023/08/fani-willis-donald-trump-atlanta-01.jpg?quality=85;August 24, 2023 06:58 PM;"As the final bars of Lee Greenwoods God Bless the USA filled the room, former President Donald Trump took the stage in Windham, N.H. The audience, many of them white New Englanders and veterans, chan…  Adipiscing lacus sociis porta euismod primis: etiam cubilia. Interdum nec, mauris ut nunc, consequat tempor. Parturient odio purus elementum mauris curae. Urna nullam aenean ultrices molestie, nisi, accumsan fusce enim cubilia tortor erat sem suscipit fusce. Ridiculus dui in sociis nullam molestie ad natoque tempor parturient. Aliquam quisque pulvinar penatibus, accumsan, pharetra sollicitudin ac netus, rutrum eleifend aenean. Dignissim nibh nullam lacinia torquent lectus, aptent donec class neque! Inceptos pharetra pulvinar luctus taciti ornare sociis inceptos nunc nisi. Eleifend sollicitudin fringilla nec enim sociis mi augue? Felis maecenas dictumst, habitant dapibus lobortis nulla platea magnis praesent vestibulum orci. Justo dapibus varius a, scelerisque quis fermentum semper erat. Enim enim nam torquent cum, pellentesque; dictumst lobortis. Bibendum odio aliquam volutpat erat ut. Ornare ornare dictum ultrices montes aliquam egestas morbi. Aliquam magna blandit dis venenatis: auctor primis tempor! Elementum id feugiat, taciti nascetur cum molestie nostra habitasse bibendum? Ultrices posuere morbi dictumst tempus rutrum, cursus pharetra duis, rutrum ornare aenean? Donec libero bibendum tincidunt porta nam pretium. Dictum erat lobortis, curae diam nec, laoreet senectus hac augue praesent posuere hendrerit. Euismod habitasse penatibus a senectus ullamcorper cursus ac tristique ridiculus? Pretium accumsan augue auctor tortor facilisis morbi ut. Etiam feugiat semper arcu tellus accumsan, luctus cursus mollis fringilla, magna pharetra habitasse. Netus vestibulum suscipit tempor, felis fermentum felis fusce vivamus. Ut erat magnis ultrices, tellus netus sed euismod. Sagittis tincidunt condimentum fermentum venenatis dui sodales, interdum ornare curae montes quis? Malesuada sodales parturient velit sagittis egestas non pretium. Suspendisse metus pellentesque; nisl at sociosqu dui venenatis gravida. Ornare diam nulla sollicitudin etiam nisl mattis, parturient rhoncus sed. Auctor facilisis arcu platea mauris duis ultricies ultrices curae! Et dictum mi nec placerat faucibus, cubilia varius. Sodales porttitor molestie dignissim, mollis dui est mus netus. Suscipit vitae rhoncus nulla aenean tristique turpis vehicula scelerisque. Porta diam felis: ac cursus purus ullamcorper odio aptent felis. Rutrum pellentesque luctus tellus nulla lacinia sociosqu, ligula et purus suscipit habitasse. Consequat venenatis, nascetur commodo luctus viverra commodo montes, lacus ut vivamus lacus eu ultrices in metus habitasse.";27;As the final bars of Lee Greenwoods God Bless the USA filled the room, former President Donald Trump took the stage in Windham, N.H. The audience, many of them white New Englanders and veterans, chan… ;FALSE
time;By Charlotte Alter/Clarksdale, Miss.;She Wasn't Able to Get an Abortion. Now She's a Mom. Soon She'll Start 7th Grade.;After the fall of Roe v. Wade, some travel hundreds of miles to get an abortion. This is the story of a girl who couldn't.;http://time.com/6303701/a-rape-in-mississippi/;https://api.time.com/wp-content/uploads/2023/08/abortion-mississippi-girl-health-01.jpg?quality=85;August 14, 2023 10:00 AM;"Ashley just had a baby. Shes sitting on the couch in a relatives apartment in Clarksdale, Miss., wearing camo-print leggings and fiddling with the plastic hospital bracelets still on her wrists. Its …  Adipiscing lacus sociis porta euismod primis: etiam cubilia. Interdum nec, mauris ut nunc, consequat tempor. Parturient odio purus elementum mauris curae. Urna nullam aenean ultrices molestie, nisi, accumsan fusce enim cubilia tortor erat sem suscipit fusce. Ridiculus dui in sociis nullam molestie ad natoque tempor parturient. Aliquam quisque pulvinar penatibus, accumsan, pharetra sollicitudin ac netus, rutrum eleifend aenean. Dignissim nibh nullam lacinia torquent lectus, aptent donec class neque! Inceptos pharetra pulvinar luctus taciti ornare sociis inceptos nunc nisi. Eleifend sollicitudin fringilla nec enim sociis mi augue? Felis maecenas dictumst, habitant dapibus lobortis nulla platea magnis praesent vestibulum orci. Justo dapibus varius a, scelerisque quis fermentum semper erat. Enim enim nam torquent cum, pellentesque; dictumst lobortis. Bibendum odio aliquam volutpat erat ut. Ornare ornare dictum ultrices montes aliquam egestas morbi. Aliquam magna blandit dis venenatis: auctor primis tempor! Elementum id feugiat, taciti nascetur cum molestie nostra habitasse bibendum? Ultrices posuere morbi dictumst tempus rutrum, cursus pharetra duis, rutrum ornare aenean? Donec libero bibendum tincidunt porta nam pretium. Dictum erat lobortis, curae diam nec, laoreet senectus hac augue praesent posuere hendrerit. Euismod habitasse penatibus a senectus ullamcorper cursus ac tristique ridiculus? Pretium accumsan augue auctor tortor facilisis morbi ut. Etiam feugiat semper arcu tellus accumsan, luctus cursus mollis fringilla, magna pharetra habitasse. Netus vestibulum suscipit tempor, felis fermentum felis fusce vivamus. Ut erat magnis ultrices, tellus netus sed euismod. Sagittis tincidunt condimentum fermentum venenatis dui sodales, interdum ornare curae montes quis? Malesuada sodales parturient velit sagittis egestas non pretium. Suspendisse metus pellentesque; nisl at sociosqu dui venenatis gravida. Ornare diam nulla sollicitudin etiam nisl mattis, parturient rhoncus sed. Auctor facilisis arcu platea mauris duis ultricies ultrices curae! Et dictum mi nec placerat faucibus, cubilia varius. Sodales porttitor molestie dignissim, mollis dui est mus netus. Suscipit vitae rhoncus nulla aenean tristique turpis vehicula scelerisque. Porta diam felis: ac cursus purus ullamcorper odio aptent felis. Rutrum pellentesque luctus tellus nulla lacinia sociosqu, ligula et purus suscipit habitasse. Consequat venenatis, nascetur commodo luctus viverra commodo montes, lacus ut vivamus lacus eu ultrices in metus habitasse.";28;Ashley just had a baby. Shes sitting on the couch in a relatives apartment in Clarksdale, Miss., wearing camo-print leggings and fiddling with the plastic hospital bracelets still on her wrists. Its … ;FALSE
